[
  {
    "id": 1,
    "nombre": "jonathan",
    "apellido": "cedeño",
    "facultad": "Ingenieria",
    "rol": "administrador",
    "correo": "juan.perez@universidad.edu",
    "contrasena": "password123"
  },
  {
    "id": 2,
    "nombre": "jordy",
    "apellido": "moran",
    "facultad": "Ciencias",
    "rol": "usuario",
    "correo": "maria.gomez@universidad.edu",
    "contrasena": "password456"
  },
  {
    "id": 3,
    "nombre": "yusmi",
    "apellido": "software",
    "facultad": "Artes",
    "rol": "usuario",
    "correo": "carlos.lopez@universidad.edu",
    "contrasena": "password789"
  }
]
