<servicios>
  <servicio>
    <id>1</id>
    <nombre>Cita psicologica</nombre>
    <fecha>2021-10-10</fecha>
    <hora>10:00</hora>
    <cupos>10</cupos>
    <estado>Activo</estado>
  </servicio>
  <servicio>
    <id>2</id>
    <nombre>Cita medica</nombre>
    <fecha>2021-10-10</fecha>
    <hora>11:00</hora>
    <cupos>15</cupos>
    <estado>Activo</estado>
  </servicio>
  <servicio>
    <id>3</id>
    <nombre>Actividad recreativa</nombre>
    <fecha>2021-10-10</fecha>
    <hora>12:00</hora>
    <cupos>20</cupos>
    <estado>Activo</estado>
  </servicio>
  <servicio>
    <id>4</id>
    <nombre>Taller de nutrición</nombre>
    <fecha>2021-10-11</fecha>
    <hora>09:00</hora>
    <cupos>25</cupos>
    <estado>Activo</estado>
  </servicio>
  <servicio>
    <id>5</id>
    <nombre>Consulta odontológica</nombre>
    <fecha>2021-10-11</fecha>
    <hora>10:30</hora>
    <cupos>10</cupos>
    <estado>Activo</estado>
  </servicio>
  <servicio>
    <id>6</id>
    <nombre>Clase de yoga</nombre>
    <fecha>2021-10-11</fecha>
    <hora>11:00</hora>
    <cupos>20</cupos>
    <estado>Activo</estado>
  </servicio>
</servicios>
