{
  "hash": "567fa983",
  "configHash": "64b1ea31",
  "lockfileHash": "a3270d8b",
  "browserHash": "50a8d9b1",
  "optimized": {
    "@angular/common": {
      "src": "../../../../../../node_modules/@angular/common/fesm2022/common.mjs",
      "file": "@angular_common.js",
      "fileHash": "f4515b0e",
      "needsInterop": false
    },
    "@angular/common/http": {
      "src": "../../../../../../node_modules/@angular/common/fesm2022/http.mjs",
      "file": "@angular_common_http.js",
      "fileHash": "252ce704",
      "needsInterop": false
    },
    "@angular/core": {
      "src": "../../../../../../node_modules/@angular/core/fesm2022/core.mjs",
      "file": "@angular_core.js",
      "fileHash": "fc01851e",
      "needsInterop": false
    },
    "@angular/forms": {
      "src": "../../../../../../node_modules/@angular/forms/fesm2022/forms.mjs",
      "file": "@angular_forms.js",
      "fileHash": "808ddd00",
      "needsInterop": false
    },
    "@angular/platform-browser": {
      "src": "../../../../../../node_modules/@angular/platform-browser/fesm2022/platform-browser.mjs",
      "file": "@angular_platform-browser.js",
      "fileHash": "06bdc3e0",
      "needsInterop": false
    },
    "@angular/router": {
      "src": "../../../../../../node_modules/@angular/router/fesm2022/router.mjs",
      "file": "@angular_router.js",
      "fileHash": "9a656255",
      "needsInterop": false
    },
    "@ng-bootstrap/ng-bootstrap": {
      "src": "../../../../../../node_modules/@ng-bootstrap/ng-bootstrap/fesm2022/ng-bootstrap.mjs",
      "file": "@ng-bootstrap_ng-bootstrap.js",
      "fileHash": "e1677bed",
      "needsInterop": false
    },
    "xml2js": {
      "src": "../../../../../../node_modules/xml2js/lib/xml2js.js",
      "file": "xml2js.js",
      "fileHash": "3c824975",
      "needsInterop": true
    }
  },
  "chunks": {
    "chunk-GLG6FJ6H": {
      "file": "chunk-GLG6FJ6H.js"
    },
    "chunk-6YHM7HI7": {
      "file": "chunk-6YHM7HI7.js"
    },
    "chunk-T5GP5VQM": {
      "file": "chunk-T5GP5VQM.js"
    },
    "chunk-CVGTOAXY": {
      "file": "chunk-CVGTOAXY.js"
    },
    "chunk-Y36EU4NN": {
      "file": "chunk-Y36EU4NN.js"
    },
    "chunk-3OV72XIM": {
      "file": "chunk-3OV72XIM.js"
    }
  }
}